[
  {
    "id": "1",
    "pl_from": "1",
    "pl_to": "2",
    "price1": "1390 \u0420",
    "price2": "1790 \u0420",
    "price3": "2600 \u0420",
    "price4": "3500 \u0420",
    "price5": "4000 \u0420",
    "tw": "\u0410\u0439-\u0414\u0430\u043d\u0438\u043b\u044c"
  },
  {
    "id": "2",
    "pl_from": "1",
    "pl_to": "3",
    "price1": "1790 \u0420",
    "price2": "2090 \u0420",
    "price3": "3200 \u0420",
    "price4": "4000 \u0420",
    "price5": "4800 \u0420",
    "tw": "\u0410\u043b\u0443\u043f\u043a\u0430"
  },
  {
    "id": "3",
    "pl_from": "1",
    "pl_to": "4",
    "price1": "1100 \u0420",
    "price2": "1300 \u0420",
    "price3": "2000 \u0420",
    "price4": "2500 \u0420",
    "price5": "3000 \u0420",
    "tw": "\u0410\u043b\u0443\u0448\u0442\u0430"
  },
  {
    "id": "4",
    "pl_from": "1",
    "pl_to": "5",
    "price1": "1490 \u0420",
    "price2": "1690 \u0420",
    "price3": "2000 \u0420",
    "price4": "2500 \u0420",
    "price5": "3200 \u0420",
    "tw": "\u0410\u043d\u0434\u0440\u0435\u0435\u0432\u043a\u0430"
  },
  {
    "id": "5",
    "pl_from": "1",
    "pl_to": "6",
    "price1": "1500 \u0420",
    "price2": "1700 \u0420",
    "price3": "2800 \u0420",
    "price4": "3500 \u0420",
    "price5": "4500 \u0420",
    "tw": "\u0411\u0430\u043b\u0430\u043a\u043b\u0430\u0432\u0430"
  },
  {
    "id": "6",
    "pl_from": "1",
    "pl_to": "7",
    "price1": "1290 \u0420",
    "price2": "1490 \u0420",
    "price3": "2100 \u0420",
    "price4": "2500 \u0420",
    "price5": "2500 \u0420",
    "tw": "\u0411\u0430\u0445\u0447\u0438\u0441\u0430\u0440\u0430\u0439"
  },
  {
    "id": "7",
    "pl_from": "1",
    "pl_to": "8",
    "price1": "1290 \u0420",
    "price2": "1590 \u0420",
    "price3": "2200 \u0420",
    "price4": "2500 \u0420",
    "price5": "3300 \u0420",
    "tw": "\u0411\u0435\u0440\u0435\u0433\u043e\u0432\u043e\u0435 (\u0431\u0430\u0445\u0447-\u0439 \u0440-\u043d)"
  },
  {
    "id": "8",
    "pl_from": "1",
    "pl_to": "9",
    "price1": "1990 \u0420",
    "price2": "2290 \u0420",
    "price3": "3500 \u0420",
    "price4": "4500 \u0420",
    "price5": "5800 \u0420",
    "tw": "\u0411\u0435\u0440\u0435\u0433\u043e\u0432\u043e\u0435 (\u0424\u0435\u043e\u0434\u043e\u0441\u0438\u044f)"
  },
  {
    "id": "9",
    "pl_from": "1",
    "pl_to": "10",
    "price1": "1990 \u0420",
    "price2": "2390 \u0420",
    "price3": "3600 \u0420",
    "price4": "4500 \u0420",
    "price5": "5800 \u0420",
    "tw": "\u0411\u0435\u0440\u0435\u0433\u043e\u0432\u043e\u0435 \u042e\u0411\u041a"
  },
  {
    "id": "10",
    "pl_from": "1",
    "pl_to": "11",
    "price1": "1690 \u0420",
    "price2": "1990 \u0420",
    "price3": "2700 \u0420",
    "price4": "3500 \u0420",
    "price5": "4000 \u0420",
    "tw": "\u0412\u0438\u0442\u0438\u043d\u043e"
  },
  {
    "id": "11",
    "pl_from": "1",
    "pl_to": "12",
    "price1": "1690 \u0420",
    "price2": "1990 \u0420",
    "price3": "3300 \u0420",
    "price4": "4200 \u0420",
    "price5": "5400 \u0420",
    "tw": "\u0413\u0430\u0441\u043f\u0440\u0430"
  },
  {
    "id": "12",
    "pl_from": "1",
    "pl_to": "13",
    "price1": "1390 \u0420",
    "price2": "1790 \u0420",
    "price3": "2600 \u0420",
    "price4": "3300 \u0420",
    "price5": "4000 \u0420",
    "tw": "\u0413\u0443\u0440\u0437\u0443\u0444"
  },
  {
    "id": "13",
    "pl_from": "1",
    "pl_to": "14",
    "price1": "1100 \u0420",
    "price2": "1300 \u0420",
    "price3": "2000 \u0420",
    "price4": "2500 \u0420",
    "price5": "3000 \u0420",
    "tw": "\u0415\u0432\u043f\u0430\u0442\u043e\u0440\u0438\u044f"
  },
  {
    "id": "14",
    "pl_from": "1",
    "pl_to": "15",
    "price1": "1390 \u0420",
    "price2": "1690 \u0420",
    "price3": "2200 \u0420",
    "price4": "2600 \u0420",
    "price5": "3200 \u0420",
    "tw": "\u0417\u0430\u043e\u0437\u0435\u0440\u043d\u043e\u0435"
  },
  {
    "id": "15",
    "pl_from": "1",
    "pl_to": "16",
    "price1": "1690 \u0420",
    "price2": "1990 \u0420",
    "price3": "2700 \u0420",
    "price4": "3500 \u0420",
    "price5": "4000 \u0420",
    "tw": "\u041a\u0430\u0437\u0430\u043d\u0442\u0438\u043f (\u041f\u043e\u043f\u043e\u0432\u043a\u0430)"
  },
  {
    "id": "16",
    "pl_from": "1",
    "pl_to": "17",
    "price1": "1900 \u0420",
    "price2": "2100 \u0420",
    "price3": "3000 \u0420",
    "price4": "3500 \u0420",
    "price5": "4800 \u0420",
    "tw": "\u041a\u0430\u043d\u0430\u043a\u0430"
  },
  {
    "id": "17",
    "pl_from": "1",
    "pl_to": "18",
    "price1": "1990 \u0420",
    "price2": "2390 \u0420",
    "price3": "2900 \u0420",
    "price4": "4500 \u0420",
    "price5": "5500 \u0420",
    "tw": "\u041a\u0430\u0441\u0442\u0440\u043e\u043f\u043e\u043b\u044c \u042e\u0411\u041a"
  },
  {
    "id": "18",
    "pl_from": "1",
    "pl_to": "19",
    "price1": "1790 \u0420",
    "price2": "2090 \u0420",
    "price3": "3600 \u0420",
    "price4": "4500 \u0420",
    "price5": "5800 \u0420",
    "tw": "\u041a\u0430\u0446\u0438\u0432\u0435\u043b\u0438"
  },
  {
    "id": "19",
    "pl_from": "1",
    "pl_to": "20",
    "price1": "1490 \u0420",
    "price2": "1690 \u0420",
    "price3": "2300 \u0420",
    "price4": "2800 \u0420",
    "price5": "3700 \u0420",
    "tw": "\u041a\u0430\u0447\u0430"
  },
  {
    "id": "20",
    "pl_from": "1",
    "pl_to": "21",
    "price1": "2800 \u0420",
    "price2": "3100 \u0420",
    "price3": "5200 \u0420",
    "price4": "7700 \u0420",
    "price5": "10000 \u0420",
    "tw": "\u041a\u0435\u0440\u0447\u044c"
  },
  {
    "id": "21",
    "pl_from": "1",
    "pl_to": "22",
    "price1": "1900 \u0420",
    "price2": "2100 \u0420",
    "price3": "3600 \u0420",
    "price4": "4500 \u0420",
    "price5": "5800 \u0420",
    "tw": "\u041a\u043e\u043a\u0442\u0435\u0431\u0435\u043b\u044c"
  },
  {
    "id": "22",
    "pl_from": "1",
    "pl_to": "23",
    "price1": "1690 \u0420",
    "price2": "1990 \u0420",
    "price3": "3300 \u0420",
    "price4": "4200 \u0420",
    "price5": "5400 \u0420",
    "tw": "\u041a\u043e\u0440\u0435\u0438\u0437"
  },
  {
    "id": "23",
    "pl_from": "1",
    "pl_to": "24",
    "price1": "3890 \u0420",
    "price2": "4390 \u0420",
    "price3": "6500 \u0420",
    "price4": "8500 \u0420",
    "price5": "11000 \u0420",
    "tw": "\u041a\u0443\u0440\u043e\u0440\u0442\u043d\u043e\u0435 (\u041a\u0435\u0440\u0447\u044c)"
  },
  {
    "id": "24",
    "pl_from": "1",
    "pl_to": "25",
    "price1": "2090 \u0420",
    "price2": "2490 \u0420",
    "price3": "3800 \u0420",
    "price4": "4900 \u0420",
    "price5": "6300 \u0420",
    "tw": "\u041a\u0443\u0440\u043e\u0440\u0442\u043d\u043e\u0435 (\u0424\u0435\u043e\u0434\u043e\u0441\u0438\u044f)"
  },
  {
    "id": "25",
    "pl_from": "1",
    "pl_to": "26",
    "price1": "1690 \u0420",
    "price2": "1990 \u0420",
    "price3": "3000 \u0420",
    "price4": "3800 \u0420",
    "price5": "4900 \u0420",
    "tw": "\u041a\u0443\u0440\u043f\u0430\u0442\u044b"
  },
  {
    "id": "26",
    "pl_from": "1",
    "pl_to": "27",
    "price1": "1700 \u0420",
    "price2": "1900 \u0420",
    "price3": "3100 \u0420",
    "price4": "3850 \u0420",
    "price5": "4900 \u0420",
    "tw": "\u041b\u0430\u0441\u043f\u0438"
  },
  {
    "id": "27",
    "pl_from": "1",
    "pl_to": "28",
    "price1": "1590 \u0420",
    "price2": "1790 \u0420",
    "price3": "2800 \u0420",
    "price4": "3500 \u0420",
    "price5": "4500 \u0420",
    "tw": "\u041b\u0438\u0432\u0430\u0434\u0438\u044f"
  },
  {
    "id": "28",
    "pl_from": "1",
    "pl_to": "29",
    "price1": "1490 \u0420",
    "price2": "1690 \u0420",
    "price3": "2400 \u0420",
    "price4": "2800 \u0420",
    "price5": "3500 \u0420",
    "tw": "\u041b\u044e\u0431\u0438\u043c\u043e\u0432\u043a\u0430"
  },
  {
    "id": "29",
    "pl_from": "1",
    "pl_to": "30",
    "price1": "1690 \u0420",
    "price2": "1990 \u0420",
    "price3": "2900 \u0420",
    "price4": "3500 \u0420",
    "price5": "4500 \u0420",
    "tw": "\u041c\u0430\u043b\u043e\u0440\u0435\u0447\u0435\u043d\u0441\u043a\u043e\u0435"
  },
  {
    "id": "30",
    "pl_from": "1",
    "pl_to": "31",
    "price1": "1590 \u0420",
    "price2": "1790 \u0420",
    "price3": "2800 \u0420",
    "price4": "3500 \u0420",
    "price5": "4500 \u0420",
    "tw": "\u041c\u0430\u0441\u0441\u0430\u043d\u0434\u0440\u0430"
  },
  {
    "id": "31",
    "pl_from": "1",
    "pl_to": "32",
    "price1": "2390 \u0420",
    "price2": "2690 \u0420",
    "price3": "3700 \u0420",
    "price4": "4500 \u0420",
    "price5": "5800 \u0420",
    "tw": "\u041c\u0435\u0436\u0432\u043e\u0434\u043d\u043e\u0435"
  },
  {
    "id": "32",
    "pl_from": "1",
    "pl_to": "33",
    "price1": "1690 \u0420",
    "price2": "1990 \u0420",
    "price3": "2700 \u0420",
    "price4": "3500 \u0420",
    "price5": "4100 \u0420",
    "tw": "\u041c\u0438\u0440\u043d\u044b\u0439"
  },
  {
    "id": "33",
    "pl_from": "1",
    "pl_to": "34",
    "price1": "1690 \u0420",
    "price2": "1990 \u0420",
    "price3": "3300 \u0420",
    "price4": "4200 \u0420",
    "price5": "5400 \u0420",
    "tw": "\u041c\u0438\u0441\u0445\u043e\u0440"
  },
  {
    "id": "34",
    "pl_from": "1",
    "pl_to": "35",
    "price1": "1490 \u0420",
    "price2": "1790 \u0420",
    "price3": "2400 \u0420",
    "price4": "3300 \u0420",
    "price5": "4000 \u0420",
    "tw": "\u041c\u043e\u043b\u043e\u0447\u043d\u043e\u0435"
  },
  {
    "id": "35",
    "pl_from": "1",
    "pl_to": "36",
    "price1": "2000 \u0420",
    "price2": "2200 \u0420",
    "price3": "3100 \u0420",
    "price4": "4500 \u0420",
    "price5": "5000 \u0420",
    "tw": "\u041c\u043e\u0440\u0441\u043a\u043e\u0435"
  },
  {
    "id": "36",
    "pl_from": "1",
    "pl_to": "37",
    "price1": "1800 \u0420",
    "price2": "2000 \u0420",
    "price3": "3600 \u0420",
    "price4": "4500 \u0420",
    "price5": "5800 \u0420",
    "tw": "\u041c\u0440\u0438\u044f"
  },
  {
    "id": "37",
    "pl_from": "1",
    "pl_to": "38",
    "price1": "3190 \u0420",
    "price2": "3590 \u0420",
    "price3": "5000 \u0420",
    "price4": "6700 \u0420",
    "price5": "8600 \u0420",
    "tw": "\u041c\u044b\u0441\u043e\u0432\u043e\u0435"
  },
  {
    "id": "38",
    "pl_from": "1",
    "pl_to": "39",
    "price1": "1090 \u0420",
    "price2": "1290 \u0420",
    "price3": "2000 \u0420",
    "price4": "2500 \u0420",
    "price5": "2800 \u0420",
    "tw": "\u041d\u0438\u043a\u043e\u043b\u0430\u0435\u0432\u043a\u0430"
  },
  {
    "id": "39",
    "pl_from": "1",
    "pl_to": "40",
    "price1": "3190 \u0420",
    "price2": "3690 \u0420",
    "price3": "5200 \u0420",
    "price4": "7000 \u0420",
    "price5": "9000 \u0420",
    "tw": "\u041d\u043e\u0432\u043e\u043e\u0442\u0440\u0430\u0434\u043d\u043e\u0435"
  },
  {
    "id": "40",
    "pl_from": "1",
    "pl_to": "41",
    "price1": "1090 \u0420",
    "price2": "1290 \u0420",
    "price3": "2000 \u0420",
    "price4": "2200 \u0420",
    "price5": "2500 \u0420",
    "tw": "\u041d\u043e\u0432\u043e\u0444\u0435\u0434\u043e\u0440\u043e\u0432\u043a\u0430"
  },
  {
    "id": "41",
    "pl_from": "1",
    "pl_to": "42",
    "price1": "1790 \u0420",
    "price2": "2190 \u0420",
    "price3": "3400 \u0420",
    "price4": "4200 \u0420",
    "price5": "5400 \u0420",
    "tw": "\u041d\u043e\u0432\u044b\u0439 \u0421\u0432\u0435\u0442"
  },
  {
    "id": "42",
    "pl_from": "1",
    "pl_to": "43",
    "price1": "2390 \u0420",
    "price2": "2790 \u0420",
    "price3": "4000 \u0420",
    "price4": "4500 \u0420",
    "price5": "6500 \u0420",
    "tw": "\u041e\u043a\u0443\u043d\u0435\u0432\u043a\u0430"
  },
  {
    "id": "43",
    "pl_from": "1",
    "pl_to": "44",
    "price1": "2490 \u0420",
    "price2": "2790 \u0420",
    "price3": "4000 \u0420",
    "price4": "4500 \u0420",
    "price5": "7000 \u0420",
    "tw": "\u041e\u043b\u0435\u043d\u0435\u0432\u043a\u0430"
  },
  {
    "id": "44",
    "pl_from": "1",
    "pl_to": "45",
    "price1": "1790 \u0420",
    "price2": "2190 \u0420",
    "price3": "3600 \u0420",
    "price4": "4500 \u0420",
    "price5": "5800 \u0420",
    "tw": "\u041e\u043f\u043e\u043b\u0437\u043d\u0435\u0432\u043e\u0435"
  },
  {
    "id": "45",
    "pl_from": "1",
    "pl_to": "46",
    "price1": "1900 \u0420",
    "price2": "2100 \u0420",
    "price3": "3500 \u0420",
    "price4": "4500 \u0420",
    "price5": "5900 \u0420",
    "tw": "\u041e\u0440\u0434\u0436\u043e\u043d\u0438\u043a\u0438\u0434\u0437\u0435"
  },
  {
    "id": "46",
    "pl_from": "1",
    "pl_to": "47",
    "price1": "1590 \u0420",
    "price2": "1990 \u0420",
    "price3": "3000 \u0420",
    "price4": "3800 \u0420",
    "price5": "4900 \u0420",
    "tw": "\u041e\u0440\u0435\u0430\u043d\u0434\u0430"
  }
]
